{
  "model": {
    "type": "select",
    "property": "custom_model_data",
    "fallback": {
      "type": "model",
      "model": "item/iron_axe"
    },
    "cases": [
      {
        "when": "doubleaxe",
        "model": {
          "type": "model",
          "model": "item/doubleaxe"
        }
      },
      {
        "when": "stick2",
        "model": {
          "type": "model",
          "model": "item/diamond_sword"
        }
      },
      {
        "when": "redsword",
        "model": {
          "type": "model",
          "model": "item/redsword"
        }
      }
    ]
  }
}