{
    "providers": [
        {
            "type": "bitmap",
            "file": "minecraft:ranks/blank.png",
            "ascent": 8,
            "height": 8,
            "chars": [""]
        },
        {
            "type": "bitmap",
            "file": "minecraft:ranks/furcrewrank.png",
            "ascent": 8,
            "height": 8,
            "chars": ["⑮"]
        },
        {
            "type": "bitmap",
            "file": "minecraft:icons/furrestlogosquare.png",
            "ascent": 8,
            "height": 8,
            "chars": ["Ⓕ"]
        },
        {
            "type": "bitmap",
            "file": "minecraft:ranks/netheriterank.png",
            "ascent": 8,
            "height": 8,
            "chars": ["➉"]
        },
        {
            "type": "bitmap",
            "file": "minecraft:ranks/copperrank.png",
            "ascent": 8,
            "height": 8,
            "chars": [""]
        },
        {
            "type": "bitmap",
            "file": "minecraft:ranks/ownerbyrg.png",
            "ascent": 8,
            "height": 8,
            "chars": [""]
        },
        {
            "type": "bitmap",
            "file": "minecraft:ranks/diamondrank.png",
            "ascent": 8,
            "height": 8,
            "chars": [""]
        },
        {
            "type": "bitmap",
            "file": "minecraft:ranks/goldrank.png",
            "ascent": 8,
            "height": 8,
            "chars": [""]
        },
        {
            "type": "bitmap",
            "file": "minecraft:ranks/ironrank.png",
            "ascent": 8,
            "height": 8,
            "chars": [""]
        },
        {
            "type": "bitmap",
            "file": "minecraft:ranks/stonerank.png",
            "ascent": 8,
            "height": 8,
            "chars": [""]
        },
        {
            "type": "bitmap",
            "file": "minecraft:ranks/woodrank.png",
            "ascent": 8,
            "height": 8,
            "chars": [""]
        },
        {
            "type": "bitmap",
            "file": "minecraft:icons/coins.png",
            "ascent": 8,
            "height": 8,
            "chars": ["🪙"]
        },
        {
            "type": "bitmap",
            "file": "minecraft:icons/down.png",
            "ascent": 8,
            "height": 8,
            "chars": ["↑"]
        },
        {
            "type": "bitmap",
            "file": "minecraft:icons/up.png",
            "ascent": 8,
            "height": 8,
            "chars": ["↓"]
        },
        {
            "type": "bitmap",
            "file": "minecraft:icons/left.png",
            "ascent": 8,
            "height": 8,
            "chars": ["←"]
        },
        {
            "type": "bitmap",
            "file": "minecraft:icons/right.png",
            "ascent": 8,
            "height": 8,
            "chars": ["→"]
        },
        {
            "type": "bitmap",
            "file": "minecraft:ranks/boosterrank.png",
            "ascent": 8,
            "height": 8,
            "chars": ["⑤"]
                    },
        {
            "type": "bitmap",
            "file": "minecraft:custom/furlogo.png",
            "ascent": 66,
            "height": 105,
            "chars": ["⑥"]
                    },
        {
            "type": "bitmap",
            "file": "minecraft:dcord/dcord0.png",
            "ascent": 8,
            "height": 8,
            "chars": ["⑳"]
                    },
        {
            "type": "bitmap",
            "file": "minecraft:dcord/dcord1.png",
            "ascent": 8,
            "height": 8,
            "chars": ["㉑"]
                    },
        {
            "type": "bitmap",
            "file": "minecraft:dcord/dcord2.png",
            "ascent": 8,
            "height": 8,
            "chars": ["㉒"]
                    },
        {
            "type": "bitmap",
            "file": "minecraft:dcord/dcord3.png",
            "ascent": 8,
            "height": 8,
            "chars": ["㉓"]
                    },
        {
            "type": "bitmap",
            "file": "minecraft:dcord/dcord4.png",
            "ascent": 8,
            "height": 8,
            "chars": ["㉔"]
                    },
        {
            "type": "bitmap",
            "file": "minecraft:dcord/dcord5.png",
            "ascent": 8,
            "height": 8,
            "chars": ["㉕"]
                    },
        {
            "type": "bitmap",
            "file": "minecraft:dcord/dcord6.png",
            "ascent": 8,
            "height": 8,
            "chars": ["㉖"]
                    },
        {
            "type": "bitmap",
            "file": "minecraft:dcord/dcord7.png",
            "ascent": 8,
            "height": 8,
            "chars": ["㉗"]
                    },
        {
            "type": "bitmap",
            "file": "minecraft:dcord/dcord8.png",
            "ascent": 8,
            "height": 8,
            "chars": ["㉘"]
                    },
        {
            "type": "bitmap",
            "file": "minecraft:dcord/dcord9.png",
            "ascent": 8,
            "height": 8,
            "chars": ["㉙"]
                    },
        {
            "type": "bitmap",
            "file": "minecraft:dcord/zrank.png",
            "ascent": 8,
            "height": 8,
            "chars": ["㉚"]

            

        }
        
    ]
}