{
    "providers": [
        {
            "type": "bitmap",
            "file": "minecraft:ranks/blank.png",
            "ascent": 8,
            "height": 8,
            "chars": [""]
        },
        {
            "type": "bitmap",
            "file": "minecraft:ranks/furcrewrank.png",
            "ascent": 8,
            "height": 8,
            "chars": ["⑮"]
        },
        {
            "type": "bitmap",
            "file": "minecraft:icons/furrestlogosquare.png",
            "ascent": 8,
            "height": 8,
            "chars": ["Ⓕ"]
        },
        {
            "type": "bitmap",
            "file": "minecraft:ranks/netheriterank.png",
            "ascent": 8,
            "height": 8,
            "chars": ["➉"]
        },
        {
            "type": "bitmap",
            "file": "minecraft:ranks/copperrank.png",
            "ascent": 8,
            "height": 8,
            "chars": [""]
        },
        {
            "type": "bitmap",
            "file": "minecraft:ranks/ownerbyrg.png",
            "ascent": 8,
            "height": 8,
            "chars": [""]
        },
        {
            "type": "bitmap",
            "file": "minecraft:ranks/diamondrank.png",
            "ascent": 8,
            "height": 8,
            "chars": [""]
        },
        {
            "type": "bitmap",
            "file": "minecraft:ranks/goldrank.png",
            "ascent": 8,
            "height": 8,
            "chars": [""]
        },
        {
            "type": "bitmap",
            "file": "minecraft:ranks/ironrank.png",
            "ascent": 8,
            "height": 8,
            "chars": [""]
        },
        {
            "type": "bitmap",
            "file": "minecraft:ranks/stonerank.png",
            "ascent": 8,
            "height": 8,
            "chars": [""]
        },
        {
            "type": "bitmap",
            "file": "minecraft:ranks/woodrank.png",
            "ascent": 8,
            "height": 8,
            "chars": [""]
        },
        {
            "type": "bitmap",
            "file": "minecraft:icons/coins.png",
            "ascent": 8,
            "height": 8,
            "chars": ["🪙"]
        },
        {
            "type": "bitmap",
            "file": "minecraft:icons/down.png",
            "ascent": 8,
            "height": 8,
            "chars": ["↑"]
        },
        {
            "type": "bitmap",
            "file": "minecraft:icons/up.png",
            "ascent": 8,
            "height": 8,
            "chars": ["↓"]
        },
        {
            "type": "bitmap",
            "file": "minecraft:icons/left.png",
            "ascent": 8,
            "height": 8,
            "chars": ["←"]
        },
        {
            "type": "bitmap",
            "file": "minecraft:icons/right.png",
            "ascent": 8,
            "height": 8,
            "chars": ["→"]
        },
        {
            "type": "bitmap",
            "file": "minecraft:ranks/boosterrank.png",
            "ascent": 8,
            "height": 8,
            "chars": ["⑤"]
                    },
        {
            "type": "bitmap",
            "file": "minecraft:custom/furlogo.png",
            "ascent": 8,
            "height": 8,
            "chars": ["⑥"]
                    },
        {
            "type": "bitmap",
            "file": "minecraft:ranks/zunkzrank.png",
            "ascent": 8,
            "height": 8,
            "chars": ["⑩"]

            

        }
        
    ]
}