{
    "providers": [
        {
            "type": "bitmap",
            "file": "minecraft:ranks/blank.png",
            "ascent": 8,
            "height": 8,
            "chars": [""]
	},
        {
            "type": "bitmap",
            "file": "minecraft:ranks/memberbyrg.png",
            "ascent": 8,
            "height": 8,
            "chars": [""]
        },
        {
            "type": "bitmap",
            "file": "minecraft:ranks/ownerbyrg.png",
            "ascent": 8,
            "height": 8,
            "chars": [""]
        },
        {
            "type": "bitmap",
            "file": "minecraft:ranks/diamondrank.png",
            "ascent": 8,
            "height": 8,
            "chars": [""]
        },
        {
            "type": "bitmap",
            "file": "minecraft:ranks/goldrank.png",
            "ascent": 8,
            "height": 8,
            "chars": [""]
        },
        {
            "type": "bitmap",
            "file": "minecraft:ranks/ironrank.png",
            "ascent": 8,
            "height": 8,
            "chars": [""]
        },
        {
            "type": "bitmap",
            "file": "minecraft:ranks/stonerank.png",
            "ascent": 8,
            "height": 8,
            "chars": [""]
        },
        {
            "type": "bitmap",
            "file": "minecraft:ranks/woodrank.png",
            "ascent": 8,
            "height": 8,
            "chars": [""]

            
        }
        
    ]
}